--Campeonatos
INSERT INTO `studioca_loteca`.`Campeonato` (`id`, `nome`) VALUES (1, 'Brasileiro Serie A');
INSERT INTO `studioca_loteca`.`Campeonato` (`id`, `nome`) VALUES (2, 'Brasileiro Serie B');
INSERT INTO `studioca_loteca`.`Campeonato` (`id`, `nome`) VALUES (3, 'Brasileiro Serie C');
INSERT INTO `studioca_loteca`.`Campeonato` (`id`, `nome`) VALUES (4, 'Brasileiro Serie D');

--Times da Serie A
INSERT INTO `studioca_loteca`.`Time` (`id`, `nome`) VALUES (1, 'Atlético-MG');
INSERT INTO `studioca_loteca`.`Time` (`id`, `nome`) VALUES (2, 'Atlético-PR');
INSERT INTO `studioca_loteca`.`Time` (`id`, `nome`) VALUES (3, 'Bahia');
INSERT INTO `studioca_loteca`.`Time` (`id`, `nome`) VALUES (4, 'Botafogo-RJ');
INSERT INTO `studioca_loteca`.`Time` (`id`, `nome`) VALUES (5, 'Chapecoense');
INSERT INTO `studioca_loteca`.`Time` (`id`, `nome`) VALUES (6, 'Corinthians');
INSERT INTO `studioca_loteca`.`Time` (`id`, `nome`) VALUES (7, 'Coritiba');
INSERT INTO `studioca_loteca`.`Time` (`id`, `nome`) VALUES (8, 'Criciúma');
INSERT INTO `studioca_loteca`.`Time` (`id`, `nome`) VALUES (9, 'Cruzeiro');
INSERT INTO `studioca_loteca`.`Time` (`id`, `nome`) VALUES (10, 'Figueirense');
INSERT INTO `studioca_loteca`.`Time` (`id`, `nome`) VALUES (11, 'Flamengo');
INSERT INTO `studioca_loteca`.`Time` (`id`, `nome`) VALUES (12, 'Fluminense');
INSERT INTO `studioca_loteca`.`Time` (`id`, `nome`) VALUES (13, 'Goiás');
INSERT INTO `studioca_loteca`.`Time` (`id`, `nome`) VALUES (14, 'Grêmio');
INSERT INTO `studioca_loteca`.`Time` (`id`, `nome`) VALUES (15, 'Internacional');
INSERT INTO `studioca_loteca`.`Time` (`id`, `nome`) VALUES (16, 'Palmeiras');
INSERT INTO `studioca_loteca`.`Time` (`id`, `nome`) VALUES (17, 'Santos');
INSERT INTO `studioca_loteca`.`Time` (`id`, `nome`) VALUES (18, 'São Paulo');
INSERT INTO `studioca_loteca`.`Time` (`id`, `nome`) VALUES (19, 'Sport');
INSERT INTO `studioca_loteca`.`Time` (`id`, `nome`) VALUES (20, 'Vitória');

--Times da Serie B
INSERT INTO `studioca_loteca`.`Time` (`id`, `nome`) VALUES (21, 'ABC');
INSERT INTO `studioca_loteca`.`Time` (`id`, `nome`) VALUES (22, 'América-RN');
INSERT INTO `studioca_loteca`.`Time` (`id`, `nome`) VALUES (23, 'América-MG');
INSERT INTO `studioca_loteca`.`Time` (`id`, `nome`) VALUES (24, 'Atlético-GO');
INSERT INTO `studioca_loteca`.`Time` (`id`, `nome`) VALUES (25, 'Avaí');
INSERT INTO `studioca_loteca`.`Time` (`id`, `nome`) VALUES (26, 'Boa Esporte');
INSERT INTO `studioca_loteca`.`Time` (`id`, `nome`) VALUES (27, 'Bragantino');
INSERT INTO `studioca_loteca`.`Time` (`id`, `nome`) VALUES (28, 'Ceará');
INSERT INTO `studioca_loteca`.`Time` (`id`, `nome`) VALUES (29, 'Icasa');
INSERT INTO `studioca_loteca`.`Time` (`id`, `nome`) VALUES (30, 'Joinville');
INSERT INTO `studioca_loteca`.`Time` (`id`, `nome`) VALUES (31, 'Luverdense');
INSERT INTO `studioca_loteca`.`Time` (`id`, `nome`) VALUES (32, 'Naútico');
INSERT INTO `studioca_loteca`.`Time` (`id`, `nome`) VALUES (33, 'Oeste');
INSERT INTO `studioca_loteca`.`Time` (`id`, `nome`) VALUES (34, 'Paraná');
INSERT INTO `studioca_loteca`.`Time` (`id`, `nome`) VALUES (35, 'Ponte Preta');
INSERT INTO `studioca_loteca`.`Time` (`id`, `nome`) VALUES (36, 'Portuguesa');
INSERT INTO `studioca_loteca`.`Time` (`id`, `nome`) VALUES (37, 'Samapio Corrêa');
INSERT INTO `studioca_loteca`.`Time` (`id`, `nome`) VALUES (38, 'Santa Cruz');
INSERT INTO `studioca_loteca`.`Time` (`id`, `nome`) VALUES (39, 'Vasco da Gama');
INSERT INTO `studioca_loteca`.`Time` (`id`, `nome`) VALUES (40, 'Vila Nova');

--Times da Serie C
INSERT INTO `studioca_loteca`.`Time` (`id`, `nome`) VALUES (41, 'Águia de Marabá');
INSERT INTO `studioca_loteca`.`Time` (`id`, `nome`) VALUES (42, 'Asa');
INSERT INTO `studioca_loteca`.`Time` (`id`, `nome`) VALUES (43, 'Botafogo-PB');
INSERT INTO `studioca_loteca`.`Time` (`id`, `nome`) VALUES (44, 'Caxias');
INSERT INTO `studioca_loteca`.`Time` (`id`, `nome`) VALUES (45, 'Crac');
INSERT INTO `studioca_loteca`.`Time` (`id`, `nome`) VALUES (46, 'CRB');
INSERT INTO `studioca_loteca`.`Time` (`id`, `nome`) VALUES (47, 'Cuiabá');
INSERT INTO `studioca_loteca`.`Time` (`id`, `nome`) VALUES (48, 'Duque de Caxias');
INSERT INTO `studioca_loteca`.`Time` (`id`, `nome`) VALUES (49, 'Fortaleza');
INSERT INTO `studioca_loteca`.`Time` (`id`, `nome`) VALUES (50, 'Guarani');
INSERT INTO `studioca_loteca`.`Time` (`id`, `nome`) VALUES (51, 'Guaratinguetá');
INSERT INTO `studioca_loteca`.`Time` (`id`, `nome`) VALUES (52, 'Juventude');
INSERT INTO `studioca_loteca`.`Time` (`id`, `nome`) VALUES (53, 'Macaé');
INSERT INTO `studioca_loteca`.`Time` (`id`, `nome`) VALUES (54, 'Madureira');
INSERT INTO `studioca_loteca`.`Time` (`id`, `nome`) VALUES (55, 'Mogi Mirim');
INSERT INTO `studioca_loteca`.`Time` (`id`, `nome`) VALUES (56, 'Paysandu');
INSERT INTO `studioca_loteca`.`Time` (`id`, `nome`) VALUES (57, 'Salgueiro');
INSERT INTO `studioca_loteca`.`Time` (`id`, `nome`) VALUES (58, 'São Caetano');
INSERT INTO `studioca_loteca`.`Time` (`id`, `nome`) VALUES (59, 'Treze');
INSERT INTO `studioca_loteca`.`Time` (`id`, `nome`) VALUES (60, 'Tupi');


--Times da Serie D
INSERT INTO `studioca_loteca`.`Time` (`id`, `nome`) VALUES (61, 'Anapolina');
INSERT INTO `studioca_loteca`.`Time` (`id`, `nome`) VALUES (62, 'Atlético-AC');
INSERT INTO `studioca_loteca`.`Time` (`id`, `nome`) VALUES (63, 'Baraúnas');
INSERT INTO `studioca_loteca`.`Time` (`id`, `nome`) VALUES (64, 'Betim');
INSERT INTO `studioca_loteca`.`Time` (`id`, `nome`) VALUES (65, 'Boa Vista');
INSERT INTO `studioca_loteca`.`Time` (`id`, `nome`) VALUES (66, 'Brasil de Pelotas');
INSERT INTO `studioca_loteca`.`Time` (`id`, `nome`) VALUES (67, 'Brasiliense');
INSERT INTO `studioca_loteca`.`Time` (`id`, `nome`) VALUES (68, 'Cabofriense');
INSERT INTO `studioca_loteca`.`Time` (`id`, `nome`) VALUES (69, 'Campinense');
INSERT INTO `studioca_loteca`.`Time` (`id`, `nome`) VALUES (70, 'Central');
INSERT INTO `studioca_loteca`.`Time` (`id`, `nome`) VALUES (71, 'Confiança');
INSERT INTO `studioca_loteca`.`Time` (`id`, `nome`) VALUES (72, 'Coruripe');
INSERT INTO `studioca_loteca`.`Time` (`id`, `nome`) VALUES (73, 'Estrela do Norte');
INSERT INTO `studioca_loteca`.`Time` (`id`, `nome`) VALUES (74, 'Globo');
INSERT INTO `studioca_loteca`.`Time` (`id`, `nome`) VALUES (75, 'Goianésia');
INSERT INTO `studioca_loteca`.`Time` (`id`, `nome`) VALUES (76, 'Grêmio Barueri');
INSERT INTO `studioca_loteca`.`Time` (`id`, `nome`) VALUES (77, 'Guarani de Palhoça');
INSERT INTO `studioca_loteca`.`Time` (`id`, `nome`) VALUES (78, 'Guarany de Sobral');
INSERT INTO `studioca_loteca`.`Time` (`id`, `nome`) VALUES (79, 'Interporto');
INSERT INTO `studioca_loteca`.`Time` (`id`, `nome`) VALUES (80, 'Itaporã');
INSERT INTO `studioca_loteca`.`Time` (`id`, `nome`) VALUES (81, 'Ituano');
INSERT INTO `studioca_loteca`.`Time` (`id`, `nome`) VALUES (82, 'Jacuipense');
INSERT INTO `studioca_loteca`.`Time` (`id`, `nome`) VALUES (83, 'Londrina');
INSERT INTO `studioca_loteca`.`Time` (`id`, `nome`) VALUES (84, 'Luziânia');
INSERT INTO `studioca_loteca`.`Time` (`id`, `nome`) VALUES (85, 'Maringá');
INSERT INTO `studioca_loteca`.`Time` (`id`, `nome`) VALUES (86, 'Metropolitano');
INSERT INTO `studioca_loteca`.`Time` (`id`, `nome`) VALUES (87, 'Moto Club');
INSERT INTO `studioca_loteca`.`Time` (`id`, `nome`) VALUES (88, 'Operário-MT');
INSERT INTO `studioca_loteca`.`Time` (`id`, `nome`) VALUES (89, 'Pelotas');
INSERT INTO `studioca_loteca`.`Time` (`id`, `nome`) VALUES (90, 'Penapolense');
INSERT INTO `studioca_loteca`.`Time` (`id`, `nome`) VALUES (91, 'Porto');
INSERT INTO `studioca_loteca`.`Time` (`id`, `nome`) VALUES (92, 'Princesa de Solimões');
INSERT INTO `studioca_loteca`.`Time` (`id`, `nome`) VALUES (93, 'Remo');
INSERT INTO `studioca_loteca`.`Time` (`id`, `nome`) VALUES (94, 'Rio Branco');
INSERT INTO `studioca_loteca`.`Time` (`id`, `nome`) VALUES (95, 'Ríver-PI');
INSERT INTO `studioca_loteca`.`Time` (`id`, `nome`) VALUES (96, 'Santos-AP');
INSERT INTO `studioca_loteca`.`Time` (`id`, `nome`) VALUES (97, 'São Raimundo-RR');
INSERT INTO `studioca_loteca`.`Time` (`id`, `nome`) VALUES (98, 'Tombense');
INSERT INTO `studioca_loteca`.`Time` (`id`, `nome`) VALUES (99, 'Villa Nova');
INSERT INTO `studioca_loteca`.`Time` (`id`, `nome`) VALUES (100, 'Vitória da Conquista');

--Relacionamento de Times e Campeonatos
INSERT INTO `studioca_loteca`.`Campeonato_Time` (`campeonato_id`, `times_id`) VALUES (1, 1);
INSERT INTO `studioca_loteca`.`Campeonato_Time` (`campeonato_id`, `times_id`) VALUES (1, 2);
INSERT INTO `studioca_loteca`.`Campeonato_Time` (`campeonato_id`, `times_id`) VALUES (1, 3);
INSERT INTO `studioca_loteca`.`Campeonato_Time` (`campeonato_id`, `times_id`) VALUES (1, 4);
INSERT INTO `studioca_loteca`.`Campeonato_Time` (`campeonato_id`, `times_id`) VALUES (1, 5);
INSERT INTO `studioca_loteca`.`Campeonato_Time` (`campeonato_id`, `times_id`) VALUES (1, 6);
INSERT INTO `studioca_loteca`.`Campeonato_Time` (`campeonato_id`, `times_id`) VALUES (1, 7);
INSERT INTO `studioca_loteca`.`Campeonato_Time` (`campeonato_id`, `times_id`) VALUES (1, 8);
INSERT INTO `studioca_loteca`.`Campeonato_Time` (`campeonato_id`, `times_id`) VALUES (1, 9);
INSERT INTO `studioca_loteca`.`Campeonato_Time` (`campeonato_id`, `times_id`) VALUES (1, 10);
INSERT INTO `studioca_loteca`.`Campeonato_Time` (`campeonato_id`, `times_id`) VALUES (1, 11);
INSERT INTO `studioca_loteca`.`Campeonato_Time` (`campeonato_id`, `times_id`) VALUES (1, 12);
INSERT INTO `studioca_loteca`.`Campeonato_Time` (`campeonato_id`, `times_id`) VALUES (1, 13);
INSERT INTO `studioca_loteca`.`Campeonato_Time` (`campeonato_id`, `times_id`) VALUES (1, 14);
INSERT INTO `studioca_loteca`.`Campeonato_Time` (`campeonato_id`, `times_id`) VALUES (1, 15);
INSERT INTO `studioca_loteca`.`Campeonato_Time` (`campeonato_id`, `times_id`) VALUES (1, 16);
INSERT INTO `studioca_loteca`.`Campeonato_Time` (`campeonato_id`, `times_id`) VALUES (1, 17);
INSERT INTO `studioca_loteca`.`Campeonato_Time` (`campeonato_id`, `times_id`) VALUES (1, 18);
INSERT INTO `studioca_loteca`.`Campeonato_Time` (`campeonato_id`, `times_id`) VALUES (1, 19);
INSERT INTO `studioca_loteca`.`Campeonato_Time` (`campeonato_id`, `times_id`) VALUES (1, 20);
INSERT INTO `studioca_loteca`.`Campeonato_Time` (`campeonato_id`, `times_id`) VALUES (2, 21);
INSERT INTO `studioca_loteca`.`Campeonato_Time` (`campeonato_id`, `times_id`) VALUES (2, 22);
INSERT INTO `studioca_loteca`.`Campeonato_Time` (`campeonato_id`, `times_id`) VALUES (2, 23);
INSERT INTO `studioca_loteca`.`Campeonato_Time` (`campeonato_id`, `times_id`) VALUES (2, 24);
INSERT INTO `studioca_loteca`.`Campeonato_Time` (`campeonato_id`, `times_id`) VALUES (2, 25);
INSERT INTO `studioca_loteca`.`Campeonato_Time` (`campeonato_id`, `times_id`) VALUES (2, 26);
INSERT INTO `studioca_loteca`.`Campeonato_Time` (`campeonato_id`, `times_id`) VALUES (2, 27);
INSERT INTO `studioca_loteca`.`Campeonato_Time` (`campeonato_id`, `times_id`) VALUES (2, 28);
INSERT INTO `studioca_loteca`.`Campeonato_Time` (`campeonato_id`, `times_id`) VALUES (2, 29);
INSERT INTO `studioca_loteca`.`Campeonato_Time` (`campeonato_id`, `times_id`) VALUES (2, 30);
INSERT INTO `studioca_loteca`.`Campeonato_Time` (`campeonato_id`, `times_id`) VALUES (2, 31);
INSERT INTO `studioca_loteca`.`Campeonato_Time` (`campeonato_id`, `times_id`) VALUES (2, 32);
INSERT INTO `studioca_loteca`.`Campeonato_Time` (`campeonato_id`, `times_id`) VALUES (2, 33);
INSERT INTO `studioca_loteca`.`Campeonato_Time` (`campeonato_id`, `times_id`) VALUES (2, 34);
INSERT INTO `studioca_loteca`.`Campeonato_Time` (`campeonato_id`, `times_id`) VALUES (2, 35);
INSERT INTO `studioca_loteca`.`Campeonato_Time` (`campeonato_id`, `times_id`) VALUES (2, 36);
INSERT INTO `studioca_loteca`.`Campeonato_Time` (`campeonato_id`, `times_id`) VALUES (2, 37);
INSERT INTO `studioca_loteca`.`Campeonato_Time` (`campeonato_id`, `times_id`) VALUES (2, 38);
INSERT INTO `studioca_loteca`.`Campeonato_Time` (`campeonato_id`, `times_id`) VALUES (2, 39);
INSERT INTO `studioca_loteca`.`Campeonato_Time` (`campeonato_id`, `times_id`) VALUES (2, 40);
INSERT INTO `studioca_loteca`.`Campeonato_Time` (`campeonato_id`, `times_id`) VALUES (3, 41);
INSERT INTO `studioca_loteca`.`Campeonato_Time` (`campeonato_id`, `times_id`) VALUES (3, 42);
INSERT INTO `studioca_loteca`.`Campeonato_Time` (`campeonato_id`, `times_id`) VALUES (3, 43);
INSERT INTO `studioca_loteca`.`Campeonato_Time` (`campeonato_id`, `times_id`) VALUES (3, 44);
INSERT INTO `studioca_loteca`.`Campeonato_Time` (`campeonato_id`, `times_id`) VALUES (3, 45);
INSERT INTO `studioca_loteca`.`Campeonato_Time` (`campeonato_id`, `times_id`) VALUES (3, 46);
INSERT INTO `studioca_loteca`.`Campeonato_Time` (`campeonato_id`, `times_id`) VALUES (3, 47);
INSERT INTO `studioca_loteca`.`Campeonato_Time` (`campeonato_id`, `times_id`) VALUES (3, 48);
INSERT INTO `studioca_loteca`.`Campeonato_Time` (`campeonato_id`, `times_id`) VALUES (3, 49);
INSERT INTO `studioca_loteca`.`Campeonato_Time` (`campeonato_id`, `times_id`) VALUES (3, 50);
INSERT INTO `studioca_loteca`.`Campeonato_Time` (`campeonato_id`, `times_id`) VALUES (3, 51);
INSERT INTO `studioca_loteca`.`Campeonato_Time` (`campeonato_id`, `times_id`) VALUES (3, 52);
INSERT INTO `studioca_loteca`.`Campeonato_Time` (`campeonato_id`, `times_id`) VALUES (3, 53);
INSERT INTO `studioca_loteca`.`Campeonato_Time` (`campeonato_id`, `times_id`) VALUES (3, 54);
INSERT INTO `studioca_loteca`.`Campeonato_Time` (`campeonato_id`, `times_id`) VALUES (3, 55);
INSERT INTO `studioca_loteca`.`Campeonato_Time` (`campeonato_id`, `times_id`) VALUES (3, 56);
INSERT INTO `studioca_loteca`.`Campeonato_Time` (`campeonato_id`, `times_id`) VALUES (3, 57);
INSERT INTO `studioca_loteca`.`Campeonato_Time` (`campeonato_id`, `times_id`) VALUES (3, 58);
INSERT INTO `studioca_loteca`.`Campeonato_Time` (`campeonato_id`, `times_id`) VALUES (3, 59);
INSERT INTO `studioca_loteca`.`Campeonato_Time` (`campeonato_id`, `times_id`) VALUES (3, 60);
INSERT INTO `studioca_loteca`.`Campeonato_Time` (`campeonato_id`, `times_id`) VALUES (4, 61);
INSERT INTO `studioca_loteca`.`Campeonato_Time` (`campeonato_id`, `times_id`) VALUES (4, 62);
INSERT INTO `studioca_loteca`.`Campeonato_Time` (`campeonato_id`, `times_id`) VALUES (4, 63);
INSERT INTO `studioca_loteca`.`Campeonato_Time` (`campeonato_id`, `times_id`) VALUES (4, 64);
INSERT INTO `studioca_loteca`.`Campeonato_Time` (`campeonato_id`, `times_id`) VALUES (4, 65);
INSERT INTO `studioca_loteca`.`Campeonato_Time` (`campeonato_id`, `times_id`) VALUES (4, 66);
INSERT INTO `studioca_loteca`.`Campeonato_Time` (`campeonato_id`, `times_id`) VALUES (4, 67);
INSERT INTO `studioca_loteca`.`Campeonato_Time` (`campeonato_id`, `times_id`) VALUES (4, 68);
INSERT INTO `studioca_loteca`.`Campeonato_Time` (`campeonato_id`, `times_id`) VALUES (4, 69);
INSERT INTO `studioca_loteca`.`Campeonato_Time` (`campeonato_id`, `times_id`) VALUES (4, 70);
INSERT INTO `studioca_loteca`.`Campeonato_Time` (`campeonato_id`, `times_id`) VALUES (4, 71);
INSERT INTO `studioca_loteca`.`Campeonato_Time` (`campeonato_id`, `times_id`) VALUES (4, 72);
INSERT INTO `studioca_loteca`.`Campeonato_Time` (`campeonato_id`, `times_id`) VALUES (4, 73);
INSERT INTO `studioca_loteca`.`Campeonato_Time` (`campeonato_id`, `times_id`) VALUES (4, 74);
INSERT INTO `studioca_loteca`.`Campeonato_Time` (`campeonato_id`, `times_id`) VALUES (4, 75);
INSERT INTO `studioca_loteca`.`Campeonato_Time` (`campeonato_id`, `times_id`) VALUES (4, 76);
INSERT INTO `studioca_loteca`.`Campeonato_Time` (`campeonato_id`, `times_id`) VALUES (4, 77);
INSERT INTO `studioca_loteca`.`Campeonato_Time` (`campeonato_id`, `times_id`) VALUES (4, 78);
INSERT INTO `studioca_loteca`.`Campeonato_Time` (`campeonato_id`, `times_id`) VALUES (4, 79);
INSERT INTO `studioca_loteca`.`Campeonato_Time` (`campeonato_id`, `times_id`) VALUES (4, 80);
INSERT INTO `studioca_loteca`.`Campeonato_Time` (`campeonato_id`, `times_id`) VALUES (4, 81);
INSERT INTO `studioca_loteca`.`Campeonato_Time` (`campeonato_id`, `times_id`) VALUES (4, 82);
INSERT INTO `studioca_loteca`.`Campeonato_Time` (`campeonato_id`, `times_id`) VALUES (4, 83);
INSERT INTO `studioca_loteca`.`Campeonato_Time` (`campeonato_id`, `times_id`) VALUES (4, 84);
INSERT INTO `studioca_loteca`.`Campeonato_Time` (`campeonato_id`, `times_id`) VALUES (4, 85);
INSERT INTO `studioca_loteca`.`Campeonato_Time` (`campeonato_id`, `times_id`) VALUES (4, 86);
INSERT INTO `studioca_loteca`.`Campeonato_Time` (`campeonato_id`, `times_id`) VALUES (4, 87);
INSERT INTO `studioca_loteca`.`Campeonato_Time` (`campeonato_id`, `times_id`) VALUES (4, 88);
INSERT INTO `studioca_loteca`.`Campeonato_Time` (`campeonato_id`, `times_id`) VALUES (4, 89);
INSERT INTO `studioca_loteca`.`Campeonato_Time` (`campeonato_id`, `times_id`) VALUES (4, 90);
INSERT INTO `studioca_loteca`.`Campeonato_Time` (`campeonato_id`, `times_id`) VALUES (4, 91);
INSERT INTO `studioca_loteca`.`Campeonato_Time` (`campeonato_id`, `times_id`) VALUES (4, 92);
INSERT INTO `studioca_loteca`.`Campeonato_Time` (`campeonato_id`, `times_id`) VALUES (4, 93);
INSERT INTO `studioca_loteca`.`Campeonato_Time` (`campeonato_id`, `times_id`) VALUES (4, 94);
INSERT INTO `studioca_loteca`.`Campeonato_Time` (`campeonato_id`, `times_id`) VALUES (4, 95);
INSERT INTO `studioca_loteca`.`Campeonato_Time` (`campeonato_id`, `times_id`) VALUES (4, 96);
INSERT INTO `studioca_loteca`.`Campeonato_Time` (`campeonato_id`, `times_id`) VALUES (4, 97);
INSERT INTO `studioca_loteca`.`Campeonato_Time` (`campeonato_id`, `times_id`) VALUES (4, 98);
INSERT INTO `studioca_loteca`.`Campeonato_Time` (`campeonato_id`, `times_id`) VALUES (4, 99);
INSERT INTO `studioca_loteca`.`Campeonato_Time` (`campeonato_id`, `times_id`) VALUES (4, 100);


