--Campeonatos
INSERT INTO Campeonato (id, id_ano, id_fase, nome, nomeAlternativo) VALUES (1,0, 0,'Brasileiro Serie A');
INSERT INTO Campeonato (id, id_ano, id_fase, nome, nomeAlternativo) VALUES (2,0, 0,'Brasileiro Serie B');
INSERT INTO Campeonato (id, id_ano, id_fase, nome, nomeAlternativo) VALUES (3,0, 0,'Brasileiro Serie C');
INSERT INTO Campeonato (id, id_ano, id_fase, nome, nomeAlternativo) VALUES (4,0, 0,'Brasileiro Serie D');

--Times da Serie A
INSERT INTO Time (id, nome, nomeAlternativo) VALUES (1, 'Atlético/MG', 'Atlético/MG');
INSERT INTO Time (id, nome, nomeAlternativo) VALUES (2, 'Atlético/PR', 'Atlético/PR');
INSERT INTO Time (id, nome, nomeAlternativo) VALUES (3, 'Bahia/BA', 'Bahia');
INSERT INTO Time (id, nome, nomeAlternativo) VALUES (4, 'Botafogo/RJ', 'Botafogo/RJ');
INSERT INTO Time (id, nome, nomeAlternativo) VALUES (5, 'Chapecoense/SC', 'Chapecoense');
INSERT INTO Time (id, nome, nomeAlternativo) VALUES (6, 'Corinthians/SP', 'Corinthians');
INSERT INTO Time (id, nome, nomeAlternativo) VALUES (7, 'Coritiba/PR', 'Coritiba');
INSERT INTO Time (id, nome, nomeAlternativo) VALUES (8, 'Criciúma/SC', 'Criciúma');
INSERT INTO Time (id, nome, nomeAlternativo) VALUES (9, 'Cruzeiro/MG', 'Cruzeiro');
INSERT INTO Time (id, nome, nomeAlternativo) VALUES (10, 'Figueirense/SC', 'Figueirense');
INSERT INTO Time (id, nome, nomeAlternativo) VALUES (11, 'Flamengo/RJ', 'Flamengo');
INSERT INTO Time (id, nome, nomeAlternativo) VALUES (12, 'Fluminense/RJ', 'Fluminense');
INSERT INTO Time (id, nome, nomeAlternativo) VALUES (13, 'Goiás/GO', 'Goiás');
INSERT INTO Time (id, nome, nomeAlternativo) VALUES (14, 'Grêmio/RS', 'Grêmio');
INSERT INTO Time (id, nome, nomeAlternativo) VALUES (15, 'Internacional/RS', 'Internacional');
INSERT INTO Time (id, nome, nomeAlternativo) VALUES (16, 'Palmeiras/SP', 'Palmeiras');
INSERT INTO Time (id, nome, nomeAlternativo) VALUES (17, 'Santos/SP', 'Santos');
INSERT INTO Time (id, nome, nomeAlternativo) VALUES (18, 'São Paulo/SP', 'São Paulo');
INSERT INTO Time (id, nome, nomeAlternativo) VALUES (19, 'Sport/PE', 'Sport');
INSERT INTO Time (id, nome, nomeAlternativo) VALUES (20, 'Vitória/BA', 'Vitória');

--Times da Serie B
INSERT INTO Time (id, nome, nomeAlternativo) VALUES (21, 'ABC/RN', 'ABC');
INSERT INTO Time (id, nome, nomeAlternativo) VALUES (22, 'América/RN', 'América/RN');
INSERT INTO Time (id, nome, nomeAlternativo) VALUES (23, 'América/MG', 'América/MG');
INSERT INTO Time (id, nome, nomeAlternativo) VALUES (24, 'Atlético/GO', 'Atlético/GO');
INSERT INTO Time (id, nome, nomeAlternativo) VALUES (25, 'Avaí/SC', 'Avaí');
INSERT INTO Time (id, nome, nomeAlternativo) VALUES (26, 'Boa Esporte/MG', 'Boa Esporte');
INSERT INTO Time (id, nome, nomeAlternativo) VALUES (27, 'Bragantino/SP', 'Bragantino');
INSERT INTO Time (id, nome, nomeAlternativo) VALUES (28, 'Ceará/CE', 'Ceará');
INSERT INTO Time (id, nome, nomeAlternativo) VALUES (29, 'Icasa/CE', 'Icasa');
INSERT INTO Time (id, nome, nomeAlternativo) VALUES (30, 'Joinville/SC', 'Joinville');
INSERT INTO Time (id, nome, nomeAlternativo) VALUES (31, 'Luverdense/MT', 'Luverdense');
INSERT INTO Time (id, nome, nomeAlternativo) VALUES (32, 'Naútico/PE', 'Naútico');
INSERT INTO Time (id, nome, nomeAlternativo) VALUES (33, 'Oeste/SP', 'Oeste');
INSERT INTO Time (id, nome, nomeAlternativo) VALUES (34, 'Paraná/PR', 'Paraná');
INSERT INTO Time (id, nome, nomeAlternativo) VALUES (35, 'Ponte Preta/SP', 'Ponte Preta');
INSERT INTO Time (id, nome, nomeAlternativo) VALUES (36, 'Portuguesa Desportos/SP', 'Portuguesa');
INSERT INTO Time (id, nome, nomeAlternativo) VALUES (37, 'Sampaio Corrêa/MA', 'Samapio Corrêa');
INSERT INTO Time (id, nome, nomeAlternativo) VALUES (38, 'Santa Cruz/PE', 'Santa Cruz');
INSERT INTO Time (id, nome, nomeAlternativo) VALUES (39, 'Vasco da Gama/RJ', 'Vasco da Gama');
INSERT INTO Time (id, nome, nomeAlternativo) VALUES (40, 'Vila Nova/GO', 'Vila Nova');

--Times da Serie C
INSERT INTO Time (id, nome, nomeAlternativo) VALUES (41, 'Águia de Marabá/PA', null);
INSERT INTO Time (id, nome, nomeAlternativo) VALUES (42, 'Asa/AL', null);
INSERT INTO Time (id, nome, nomeAlternativo) VALUES (43, 'Botafogo/PB', null);
INSERT INTO Time (id, nome, nomeAlternativo) VALUES (44, 'Caxias/RS', null);
INSERT INTO Time (id, nome, nomeAlternativo) VALUES (45, 'Crac/GO', null);
INSERT INTO Time (id, nome, nomeAlternativo) VALUES (46, 'CRB/AL', null);
INSERT INTO Time (id, nome, nomeAlternativo) VALUES (47, 'Cuiabá/MT', null);
INSERT INTO Time (id, nome, nomeAlternativo) VALUES (48, 'Duque de Caxias/RJ', null);
INSERT INTO Time (id, nome, nomeAlternativo) VALUES (49, 'Fortaleza/CE', null);
INSERT INTO Time (id, nome, nomeAlternativo) VALUES (50, 'Guarani/SP', null);
INSERT INTO Time (id, nome, nomeAlternativo) VALUES (51, 'Guaratinguetá/SP', null);
INSERT INTO Time (id, nome, nomeAlternativo) VALUES (52, 'Juventude/RS', null);
INSERT INTO Time (id, nome, nomeAlternativo) VALUES (53, 'Macaé/RJ', null);
INSERT INTO Time (id, nome, nomeAlternativo) VALUES (54, 'Madureira/RJ', null);
INSERT INTO Time (id, nome, nomeAlternativo) VALUES (55, 'Mogi Mirim/SP', null);
INSERT INTO Time (id, nome, nomeAlternativo) VALUES (56, 'Paysandu/PA', null);
INSERT INTO Time (id, nome, nomeAlternativo) VALUES (57, 'Salgueiro/PE', null);
INSERT INTO Time (id, nome, nomeAlternativo) VALUES (58, 'São Caetano/SP', null);
INSERT INTO Time (id, nome, nomeAlternativo) VALUES (59, 'Treze/PB', null);
INSERT INTO Time (id, nome, nomeAlternativo) VALUES (60, 'Tupi/MG', null);


--Times da Serie D
INSERT INTO Time (id, nome, nomeAlternativo) VALUES (61, 'Anapolina/GO', null);
INSERT INTO Time (id, nome, nomeAlternativo) VALUES (62, 'Atlético/AC', null);
INSERT INTO Time (id, nome, nomeAlternativo) VALUES (63, 'Baraúnas/RN', null);
INSERT INTO Time (id, nome, nomeAlternativo) VALUES (64, 'Betim/MG', null);
INSERT INTO Time (id, nome, nomeAlternativo) VALUES (65, 'Boa Vista/RJ', null);
INSERT INTO Time (id, nome, nomeAlternativo) VALUES (66, 'Brasil de Pelotas/RS', null);
INSERT INTO Time (id, nome, nomeAlternativo) VALUES (67, 'Brasiliense/DF', null);
INSERT INTO Time (id, nome, nomeAlternativo) VALUES (68, 'Cabofriense/RJ', null);
INSERT INTO Time (id, nome, nomeAlternativo) VALUES (69, 'Campinense/PB', null);
INSERT INTO Time (id, nome, nomeAlternativo) VALUES (70, 'Central/PE', null);
INSERT INTO Time (id, nome, nomeAlternativo) VALUES (71, 'Confiça/SE', null);
INSERT INTO Time (id, nome, nomeAlternativo) VALUES (72, 'Coruripe/AL', null);
INSERT INTO Time (id, nome, nomeAlternativo) VALUES (73, 'Estrela do Norte/ES', null);
INSERT INTO Time (id, nome, nomeAlternativo) VALUES (74, 'Genus/RO', null);
INSERT INTO Time (id, nome, nomeAlternativo) VALUES (75, 'Globo/RN', null);
INSERT INTO Time (id, nome, nomeAlternativo) VALUES (76, 'Goianésia/GO', null);
INSERT INTO Time (id, nome, nomeAlternativo) VALUES (77, 'Grêmio Barueri/SP', null);
INSERT INTO Time (id, nome, nomeAlternativo) VALUES (78, 'Guarani de Palhoça/SC', null);
INSERT INTO Time (id, nome, nomeAlternativo) VALUES (79, 'Guarany/CE', null);
INSERT INTO Time (id, nome, nomeAlternativo) VALUES (80, 'Interporto/TO', null);
INSERT INTO Time (id, nome, nomeAlternativo) VALUES (81, 'Itaporâ/MS', null);
INSERT INTO Time (id, nome, nomeAlternativo) VALUES (82, 'Ituano/SP', null);
INSERT INTO Time (id, nome, nomeAlternativo) VALUES (83, 'Jacuipense/BA', null);
INSERT INTO Time (id, nome, nomeAlternativo) VALUES (84, 'Londrina/PR', null);
INSERT INTO Time (id, nome, nomeAlternativo) VALUES (85, 'Luziânia/DF', null);
INSERT INTO Time (id, nome, nomeAlternativo) VALUES (86, 'Maringá/PR', null);
INSERT INTO Time (id, nome, nomeAlternativo) VALUES (87, 'Metropolitano/SC', null);
INSERT INTO Time (id, nome, nomeAlternativo) VALUES (88, 'Moto Club/MA', null);
INSERT INTO Time (id, nome, nomeAlternativo) VALUES (89, 'Operário/MT', null);
INSERT INTO Time (id, nome, nomeAlternativo) VALUES (90, 'Pelotas/RS', null);
INSERT INTO Time (id, nome, nomeAlternativo) VALUES (91, 'Penapolense/SP', null);
INSERT INTO Time (id, nome, nomeAlternativo) VALUES (92, 'Porto/PE', null);
INSERT INTO Time (id, nome, nomeAlternativo) VALUES (93, 'Princesa de Solimôes/AM', null);
INSERT INTO Time (id, nome, nomeAlternativo) VALUES (94, 'Remo/PA', null);
INSERT INTO Time (id, nome, nomeAlternativo) VALUES (95, 'Rio Branco/AC', null);
INSERT INTO Time (id, nome, nomeAlternativo) VALUES (96, 'Ríver/PI', null);
INSERT INTO Time (id, nome, nomeAlternativo) VALUES (97, 'Santos/AP', null);
INSERT INTO Time (id, nome, nomeAlternativo) VALUES (98, 'São Raimundo/RR', null);
INSERT INTO Time (id, nome, nomeAlternativo) VALUES (99, 'Tombense/MG', null);
INSERT INTO Time (id, nome, nomeAlternativo) VALUES (100, 'Villa Nova/MG', null);
INSERT INTO Time (id, nome, nomeAlternativo) VALUES (101, 'Vitória da Conquista/BA', null);

--Relacionamento de Times e Campeonatos
INSERT INTO Campeonato_Time (campeonato_id, times_id) VALUES (1, 1);
INSERT INTO Campeonato_Time (campeonato_id, times_id) VALUES (1, 2);
INSERT INTO Campeonato_Time (campeonato_id, times_id) VALUES (1, 3);
INSERT INTO Campeonato_Time (campeonato_id, times_id) VALUES (1, 4);
INSERT INTO Campeonato_Time (campeonato_id, times_id) VALUES (1, 5);
INSERT INTO Campeonato_Time (campeonato_id, times_id) VALUES (1, 6);
INSERT INTO Campeonato_Time (campeonato_id, times_id) VALUES (1, 7);
INSERT INTO Campeonato_Time (campeonato_id, times_id) VALUES (1, 8);
INSERT INTO Campeonato_Time (campeonato_id, times_id) VALUES (1, 9);
INSERT INTO Campeonato_Time (campeonato_id, times_id) VALUES (1, 10);
INSERT INTO Campeonato_Time (campeonato_id, times_id) VALUES (1, 11);
INSERT INTO Campeonato_Time (campeonato_id, times_id) VALUES (1, 12);
INSERT INTO Campeonato_Time (campeonato_id, times_id) VALUES (1, 13);
INSERT INTO Campeonato_Time (campeonato_id, times_id) VALUES (1, 14);
INSERT INTO Campeonato_Time (campeonato_id, times_id) VALUES (1, 15);
INSERT INTO Campeonato_Time (campeonato_id, times_id) VALUES (1, 16);
INSERT INTO Campeonato_Time (campeonato_id, times_id) VALUES (1, 17);
INSERT INTO Campeonato_Time (campeonato_id, times_id) VALUES (1, 18);
INSERT INTO Campeonato_Time (campeonato_id, times_id) VALUES (1, 19);
INSERT INTO Campeonato_Time (campeonato_id, times_id) VALUES (1, 20);
INSERT INTO Campeonato_Time (campeonato_id, times_id) VALUES (2, 21);
INSERT INTO Campeonato_Time (campeonato_id, times_id) VALUES (2, 22);
INSERT INTO Campeonato_Time (campeonato_id, times_id) VALUES (2, 23);
INSERT INTO Campeonato_Time (campeonato_id, times_id) VALUES (2, 24);
INSERT INTO Campeonato_Time (campeonato_id, times_id) VALUES (2, 25);
INSERT INTO Campeonato_Time (campeonato_id, times_id) VALUES (2, 26);
INSERT INTO Campeonato_Time (campeonato_id, times_id) VALUES (2, 27);
INSERT INTO Campeonato_Time (campeonato_id, times_id) VALUES (2, 28);
INSERT INTO Campeonato_Time (campeonato_id, times_id) VALUES (2, 29);
INSERT INTO Campeonato_Time (campeonato_id, times_id) VALUES (2, 30);
INSERT INTO Campeonato_Time (campeonato_id, times_id) VALUES (2, 31);
INSERT INTO Campeonato_Time (campeonato_id, times_id) VALUES (2, 32);
INSERT INTO Campeonato_Time (campeonato_id, times_id) VALUES (2, 33);
INSERT INTO Campeonato_Time (campeonato_id, times_id) VALUES (2, 34);
INSERT INTO Campeonato_Time (campeonato_id, times_id) VALUES (2, 35);
INSERT INTO Campeonato_Time (campeonato_id, times_id) VALUES (2, 36);
INSERT INTO Campeonato_Time (campeonato_id, times_id) VALUES (2, 37);
INSERT INTO Campeonato_Time (campeonato_id, times_id) VALUES (2, 38);
INSERT INTO Campeonato_Time (campeonato_id, times_id) VALUES (2, 39);
INSERT INTO Campeonato_Time (campeonato_id, times_id) VALUES (2, 40);
INSERT INTO Campeonato_Time (campeonato_id, times_id) VALUES (3, 41);
INSERT INTO Campeonato_Time (campeonato_id, times_id) VALUES (3, 42);
INSERT INTO Campeonato_Time (campeonato_id, times_id) VALUES (3, 43);
INSERT INTO Campeonato_Time (campeonato_id, times_id) VALUES (3, 44);
INSERT INTO Campeonato_Time (campeonato_id, times_id) VALUES (3, 45);
INSERT INTO Campeonato_Time (campeonato_id, times_id) VALUES (3, 46);
INSERT INTO Campeonato_Time (campeonato_id, times_id) VALUES (3, 47);
INSERT INTO Campeonato_Time (campeonato_id, times_id) VALUES (3, 48);
INSERT INTO Campeonato_Time (campeonato_id, times_id) VALUES (3, 49);
INSERT INTO Campeonato_Time (campeonato_id, times_id) VALUES (3, 50);
INSERT INTO Campeonato_Time (campeonato_id, times_id) VALUES (3, 51);
INSERT INTO Campeonato_Time (campeonato_id, times_id) VALUES (3, 52);
INSERT INTO Campeonato_Time (campeonato_id, times_id) VALUES (3, 53);
INSERT INTO Campeonato_Time (campeonato_id, times_id) VALUES (3, 54);
INSERT INTO Campeonato_Time (campeonato_id, times_id) VALUES (3, 55);
INSERT INTO Campeonato_Time (campeonato_id, times_id) VALUES (3, 56);
INSERT INTO Campeonato_Time (campeonato_id, times_id) VALUES (3, 57);
INSERT INTO Campeonato_Time (campeonato_id, times_id) VALUES (3, 58);
INSERT INTO Campeonato_Time (campeonato_id, times_id) VALUES (3, 59);
INSERT INTO Campeonato_Time (campeonato_id, times_id) VALUES (3, 60);
INSERT INTO Campeonato_Time (campeonato_id, times_id) VALUES (4, 61);
INSERT INTO Campeonato_Time (campeonato_id, times_id) VALUES (4, 62);
INSERT INTO Campeonato_Time (campeonato_id, times_id) VALUES (4, 63);
INSERT INTO Campeonato_Time (campeonato_id, times_id) VALUES (4, 64);
INSERT INTO Campeonato_Time (campeonato_id, times_id) VALUES (4, 65);
INSERT INTO Campeonato_Time (campeonato_id, times_id) VALUES (4, 66);
INSERT INTO Campeonato_Time (campeonato_id, times_id) VALUES (4, 67);
INSERT INTO Campeonato_Time (campeonato_id, times_id) VALUES (4, 68);
INSERT INTO Campeonato_Time (campeonato_id, times_id) VALUES (4, 69);
INSERT INTO Campeonato_Time (campeonato_id, times_id) VALUES (4, 70);
INSERT INTO Campeonato_Time (campeonato_id, times_id) VALUES (4, 71);
INSERT INTO Campeonato_Time (campeonato_id, times_id) VALUES (4, 72);
INSERT INTO Campeonato_Time (campeonato_id, times_id) VALUES (4, 73);
INSERT INTO Campeonato_Time (campeonato_id, times_id) VALUES (4, 74);
INSERT INTO Campeonato_Time (campeonato_id, times_id) VALUES (4, 75);
INSERT INTO Campeonato_Time (campeonato_id, times_id) VALUES (4, 76);
INSERT INTO Campeonato_Time (campeonato_id, times_id) VALUES (4, 77);
INSERT INTO Campeonato_Time (campeonato_id, times_id) VALUES (4, 78);
INSERT INTO Campeonato_Time (campeonato_id, times_id) VALUES (4, 79);
INSERT INTO Campeonato_Time (campeonato_id, times_id) VALUES (4, 80);
INSERT INTO Campeonato_Time (campeonato_id, times_id) VALUES (4, 81);
INSERT INTO Campeonato_Time (campeonato_id, times_id) VALUES (4, 82);
INSERT INTO Campeonato_Time (campeonato_id, times_id) VALUES (4, 83);
INSERT INTO Campeonato_Time (campeonato_id, times_id) VALUES (4, 84);
INSERT INTO Campeonato_Time (campeonato_id, times_id) VALUES (4, 85);
INSERT INTO Campeonato_Time (campeonato_id, times_id) VALUES (4, 86);
INSERT INTO Campeonato_Time (campeonato_id, times_id) VALUES (4, 87);
INSERT INTO Campeonato_Time (campeonato_id, times_id) VALUES (4, 88);
INSERT INTO Campeonato_Time (campeonato_id, times_id) VALUES (4, 89);
INSERT INTO Campeonato_Time (campeonato_id, times_id) VALUES (4, 90);
INSERT INTO Campeonato_Time (campeonato_id, times_id) VALUES (4, 91);
INSERT INTO Campeonato_Time (campeonato_id, times_id) VALUES (4, 92);
INSERT INTO Campeonato_Time (campeonato_id, times_id) VALUES (4, 93);
INSERT INTO Campeonato_Time (campeonato_id, times_id) VALUES (4, 94);
INSERT INTO Campeonato_Time (campeonato_id, times_id) VALUES (4, 95);
INSERT INTO Campeonato_Time (campeonato_id, times_id) VALUES (4, 96);
INSERT INTO Campeonato_Time (campeonato_id, times_id) VALUES (4, 97);
INSERT INTO Campeonato_Time (campeonato_id, times_id) VALUES (4, 98);
INSERT INTO Campeonato_Time (campeonato_id, times_id) VALUES (4, 99);
INSERT INTO Campeonato_Time (campeonato_id, times_id) VALUES (4, 100);
INSERT INTO Campeonato_Time (campeonato_id, times_id) VALUES (4, 101);



